<?xml version="1.0" encoding="UTF-8"?>
<root>
  <item name="android.adservices.common.AdServicesCommonManager void enableAdServices(android.adservices.common.AdServicesStates, java.util.concurrent.Executor, android.os.OutcomeReceiver&lt;java.lang.Boolean,java.lang.Exception&gt;)">
    <annotation name="androidx.annotation.RequiresPermission">
      <val name="value" val="&quot;android.permission.MODIFY_ADSERVICES_STATE&quot;" />
    </annotation>
  </item>
  <item name="android.adservices.common.AdServicesCommonManager void isAdServicesEnabled(java.util.concurrent.Executor, android.os.OutcomeReceiver&lt;java.lang.Boolean,java.lang.Exception&gt;)">
    <annotation name="androidx.annotation.RequiresPermission">
      <val name="value" val="&quot;android.permission.ACCESS_ADSERVICES_STATE&quot;" />
    </annotation>
  </item>
  <item name="android.adservices.common.AdServicesCommonManager void setAdServicesEnabled(boolean, boolean)">
    <annotation name="androidx.annotation.RequiresPermission">
      <val name="value" val="&quot;android.permission.MODIFY_ADSERVICES_STATE&quot;" />
    </annotation>
  </item>
</root>

